llmModel,iteration,score
gemma4:e2b,0,0
gemma4:e2b,1,0
gemma4:e2b,2,100
gemma4:e2b,3,0
gemma4:e2b,4,25
gemma4:e2b,5,100
gemma4:e2b,6,100
gemma4:e2b,7,90
gemma4:e2b,8,100
gemma4:e2b,9,0
gemma4:e2b,10,100
gemma4:e2b,11,0
gemma4:e2b,12,90
gemma4:e2b,13,100
gemma4:e2b,14,100
gemma4:e2b,15,100
gemma4:e2b,16,100
gemma4:e2b,17,100
gemma4:e2b,18,0
gemma4:e2b,19,0
gemma4:e2b,20,0
gemma4:e2b,21,0
gemma4:e2b,22,40
gemma4:e2b,23,80
gemma4:e2b,24,75
gemma4:e2b,25,100
gemma4:e2b,26,100
gemma4:e2b,27,100
gemma4:e2b,28,0
gemma4:e2b,29,100
gemma4:e2b,30,100
gemma4:e2b,31,100
gemma4:e2b,32,100
gemma4:e2b,33,0
gemma4:e2b,34,93
gemma4:e2b,35,15
gemma4:e2b,36,100
gemma4:e2b,37,0
gemma4:e2b,38,100
gemma4:e2b,39,100
gemma4:e2b,40,100
gemma4:e2b,41,100
gemma4:e2b,42,55
gemma4:e2b,43,100
gemma4:e2b,44,100
gemma4:e2b,45,100
gemma4:e2b,46,100
gemma4:e2b,47,100
gemma4:e2b,48,60
gemma4:e2b,49,80
gemma4:e2b,50,100
gemma4:e2b,51,100
gemma4:e2b,52,0
gemma4:e2b,53,100
gemma4:e2b,54,0
gemma4:e2b,55,100
gemma4:e2b,56,50
gemma4:e2b,57,100
gemma4:e2b,58,70
gemma4:e2b,59,100
gemma4:e2b,60,35
gemma4:e2b,61,20
gemma4:e2b,62,50
gemma4:e2b,63,96
gemma4:e2b,64,100
gemma4:e2b,65,50
gemma4:e2b,66,0
gemma4:e2b,67,100
gemma4:e2b,68,100
gemma4:e2b,69,0
gemma4:e2b,70,100
gemma4:e2b,71,100
gemma4:e2b,72,100
gemma4:e2b,73,100
gemma4:e2b,75,100
gemma4:e2b,76,100
gemma4:e2b,77,100
gemma4:e2b,78,100
gemma4:e2b,79,100
gemma4:e2b,80,100
gemma4:e2b,81,100
gemma4:e2b,82,90
gemma4:e2b,83,100
gemma4:e2b,84,0
gemma4:e2b,85,100
gemma4:e2b,86,100
gemma4:e2b,87,100
gemma4:e2b,88,100
gemma4:e2b,89,100
gemma4:e2b,90,15
gemma4:e2b,91,100
gemma4:e2b,92,0
gemma4:e2b,93,100
gemma4:e2b,94,100
gemma4:e2b,95,95
gemma4:e2b,96,100
gemma4:e2b,97,100
gemma4:e2b,98,100
gemma4:e2b,99,85
gemma4:e2b,100,100
gemma4:e2b,101,100
gemma4:e2b,102,3
gemma4:e2b,103,100
gemma4:e2b,104,100
gemma4:e2b,105,100
gemma4:e2b,106,100
gemma4:e2b,107,100
gemma4:e2b,108,0
gemma4:e2b,109,100
gemma4:e2b,110,80
gemma4:e2b,111,65
gemma4:e2b,112,100
gemma4:e2b,113,100
gemma4:e2b,114,100
gemma4:e2b,115,95
gemma4:e2b,116,100
gemma4:e2b,117,25
gemma4:e2b,118,100
gemma4:e2b,119,100
gemma4:e2b,120,0
gemma4:e2b,121,100
gemma4:e2b,122,40
gemma4:e2b,123,100
gemma4:e2b,124,100
gemma4:e2b,125,100
gemma4:e2b,126,100
gemma4:e2b,127,45
gemma4:e2b,128,0
gemma4:e2b,129,100
gemma4:e2b,130,100
gemma4:e2b,131,100
gemma4:e2b,132,100
gemma4:e2b,133,100
gemma4:e2b,134,80
gemma4:e2b,135,100
gemma4:e2b,136,90
gemma4:e2b,137,0
gemma4:e2b,138,100
gemma4:e2b,139,100
gemma4:e2b,140,100
gemma4:e2b,141,25
gemma4:e2b,142,0
gemma4:e2b,143,100
gemma4:e2b,144,100
gemma4:e2b,145,100
gemma4:e2b,146,100
gemma4:e2b,147,100
gemma4:e2b,148,100
gemma4:e2b,149,100
gemma4:e2b,150,65
gemma4:e2b,151,0
gemma4:e2b,152,30
gemma4:e2b,153,0
gemma4:e2b,154,0
gemma4:e2b,155,100
gemma4:e2b,156,40
gemma4:e2b,157,100
gemma4:e2b,158,0
gemma4:e2b,159,0
gemma4:e2b,160,100
gemma4:e2b,161,35
gemma4:e2b,162,100
gemma4:e2b,163,85
gemma4:e2b,164,50
gemma4:e2b,165,100
gemma4:e2b,166,0
gemma4:e2b,167,Please provide the string.
gemma4:e2b,168,0
gemma4:e2b,169,100
gemma4:e2b,170,100
gemma4:e2b,171,100
gemma4:e2b,172,100
gemma4:e2b,173,100
gemma4:e2b,174,98
gemma4:e2b,175,100
gemma4:e2b,176,100
gemma4:e2b,177,0
gemma4:e2b,178,0
gemma4:e2b,179,0
gemma4:e2b,180,100
gemma4:e2b,181,0
gemma4:e2b,182,100
gemma4:e2b,183,0
gemma4:e2b,184,0
gemma4:e2b,185,0
gemma4:e2b,186,50
gemma4:e2b,187,75
gemma4:e2b,188,100
gemma4:e2b,189,70
gemma4:e2b,190,0
gemma4:e2b,191,20
gemma4:e2b,192,100
gemma4:e2b,193,100
gemma4:e2b,194,100
gemma4:e2b,195,57
gemma4:e2b,196,100
gemma4:e2b,197,100
gemma4:e2b,198,20
gemma4:e2b,199,70
gemma4:e2b,200,0
gemma4:e2b,201,50
gemma4:e2b,202,100
gemma4:e2b,203,100
gemma4:e2b,204,0
gemma4:e2b,205,100
gemma4:e2b,206,100
gemma4:e2b,207,100
gemma4:e2b,208,70
gemma4:e2b,209,0
gemma4:e2b,210,100
gemma4:e2b,211,100
gemma4:e2b,212,100
gemma4:e2b,213,100
gemma4:e2b,214,0
gemma4:e2b,215,100
gemma4:e2b,216,0
gemma4:e2b,217,
gemma4:e2b,218,35
gemma4:e2b,219,100
gemma4:e2b,220,100
gemma4:e2b,221,0
gemma4:e2b,222,100
gemma4:e2b,223,100
gemma4:e2b,224,0
gemma4:e2b,225,100
gemma4:e2b,226,100
gemma4:e2b,227,100
gemma4:e2b,228,100
gemma4:e2b,229,100
gemma4:e2b,230,35
gemma4:e2b,231,0
gemma4:e2b,232,0
gemma4:e2b,233,40
gemma4:e2b,234,1
gemma4:e2b,235,40
gemma4:e2b,236,0
gemma4:e2b,237,100
gemma4:e2b,238,0
gemma4:e2b,239,0
gemma4:e2b,240,100
gemma4:e2b,241,0
gemma4:e2b,242,3
gemma4:e2b,243,100
gemma4:e2b,244,100
gemma4:e2b,245,100
gemma4:e2b,246,0
gemma4:e2b,247,0
gemma4:e2b,248,100
gemma4:e2b,249,100
gemma4:e2b,250,
gemma4:e2b,251,100
gemma4:e2b,252,25
gemma4:e2b,253,100
gemma4:e2b,254,5
gemma4:e2b,255,100
gemma4:e2b,256,80
gemma4:e2b,257,70
gemma4:e2b,258,100
gemma4:e2b,259,0
gemma4:e2b,260,100
gemma4:e2b,261,35
gemma4:e2b,262,85
gemma4:e2b,263,100
gemma4:e2b,264,40
gemma4:e2b,265,20
gemma4:e2b,266,5
gemma4:e2b,267,100
gemma4:e2b,268,60
gemma4:e2b,269,100
gemma4:e2b,270,95
gemma4:e2b,271,90
gemma4:e2b,272,100
gemma4:e2b,273,0
gemma4:e2b,274,0
gemma4:e2b,275,100
gemma4:e2b,276,0
gemma4:e2b,277,100
gemma4:e2b,278,100
gemma4:e2b,279,100
gemma4:e2b,280,100
gemma4:e2b,281,0
gemma4:e2b,282,100
gemma4:e2b,283,12
gemma4:e2b,284,100
gemma4:e2b,285,8
gemma4:e2b,286,100
gemma4:e2b,287,100
gemma4:e2b,288,100
gemma4:e2b,289,100
gemma4:e2b,290,100
gemma4:e2b,291,100
gemma4:e2b,292,100
gemma4:e2b,293,100
gemma4:e2b,294,100
gemma4:e2b,295,100
gemma4:e2b,296,100
gemma4:e2b,297,100
gemma4:e2b,298,100
gemma4:e2b,299,100
gemma4:e2b,300,100
gemma4:e2b,301,100
gemma4:e2b,302,90
gemma4:e2b,303,0
gemma4:e2b,304,100
gemma4:e2b,305,100
gemma4:e2b,306,100
gemma4:e2b,307,100
gemma4:e2b,308,100
gemma4:e2b,309,100
gemma4:e2b,310,100
gemma4:e2b,311,100
gemma4:e2b,312,100
gemma4:e2b,313,100
gemma4:e2b,314,15
gemma4:e2b,315,45
gemma4:e2b,316,100
gemma4:e2b,317,100
gemma4:e2b,318,100
gemma4:e2b,319,70
gemma4:e2b,320,100
gemma4:e2b,321,100
gemma4:e2b,322,5
gemma4:e2b,323,100
gemma4:e2b,324,100
gemma4:e2b,325,0
gemma4:e2b,326,99.9
gemma4:e2b,327,0
gemma4:e2b,328,100
gemma4:e2b,329,100
gemma4:e2b,330,0
gemma4:e2b,331,100
gemma4:e2b,332,100
gemma4:e2b,333,20
gemma4:e2b,334,70
gemma4:e2b,335,5
gemma4:e2b,336,100
gemma4:e2b,337,100
gemma4:e2b,338,0
gemma4:e2b,339,100
gemma4:e2b,340,100
gemma4:e2b,341,100
gemma4:e2b,342,100
gemma4:e2b,343,100
gemma4:e2b,344,100
gemma4:e2b,345,100
gemma4:e2b,346,100
gemma4:e2b,347,100
gemma4:e2b,348,15
gemma4:e2b,349,0.0
gemma4:e2b,350,100
gemma4:e2b,351,0
gemma4:e2b,352,100
gemma4:e2b,353,70
gemma4:e2b,354,100
gemma4:e2b,355,0
gemma4:e2b,356,100
gemma4:e2b,357,100
gemma4:e2b,358,0
gemma4:e2b,359,100
gemma4:e2b,360,90
gemma4:e2b,361,20
gemma4:e2b,362,0
gemma4:e2b,363,100
gemma4:e2b,364,100
gemma4:e2b,365,10
gemma4:e2b,366,100
gemma4:e2b,367,0
gemma4:e2b,368,
gemma4:e2b,369,65
gemma4:e2b,370,0
gemma4:e2b,371,0
gemma4:e2b,372,5
gemma4:e2b,373,100
gemma4:e2b,374,100
gemma4:e2b,375,100
gemma4:e2b,376,45
gemma4:e2b,377,100
gemma4:e2b,378,100
gemma4:e2b,379,100
gemma4:e2b,380,100
gemma4:e2b,381,10
gemma4:e2b,382,5
gemma4:e2b,383,80
gemma4:e2b,384,85
gemma4:e2b,385,100
gemma4:e2b,386,0
gemma4:e2b,387,100
gemma4:e2b,388,100
gemma4:e2b,389,100
gemma4:e2b,390,100
gemma4:e2b,391,100
gemma4:e2b,392,80
gemma4:e2b,393,0
gemma4:e2b,394,100
gemma4:e2b,395,0
gemma4:e2b,396,100
gemma4:e2b,397,60
gemma4:e2b,398,100
gemma4:e2b,399,100
gemma4:e2b,400,100
gemma4:e2b,401,100
gemma4:e2b,402,0
gemma4:e2b,403,100
gemma4:e2b,404,100
gemma4:e2b,405,100
gemma4:e2b,406,100
gemma4:e2b,407,100
gemma4:e2b,408,100
gemma4:e2b,409,20
gemma4:e2b,410,100
gemma4:e2b,411,100
gemma4:e2b,412,6
gemma4:e2b,413,0
gemma4:e2b,414,100
gemma4:e2b,415,100
gemma4:e2b,416,100
gemma4:e2b,417,100
gemma4:e2b,418,100
gemma4:e2b,419,100
gemma4:e2b,420,100
gemma4:e2b,421,0
gemma4:e2b,422,100
gemma4:e2b,423,100
gemma4:e2b,424,70
gemma4:e2b,425,100
gemma4:e2b,426,(No number found)
gemma4:e2b,427,100
gemma4:e2b,428,100
gemma4:e2b,429,0
gemma4:e2b,430,0
gemma4:e2b,431,100
gemma4:e2b,432,100
gemma4:e2b,433,70
gemma4:e2b,434,
gemma4:e2b,435,100
gemma4:e2b,436,100
gemma4:e2b,437,100
gemma4:e2b,438,100
gemma4:e2b,439,100
gemma4:e2b,440,20
gemma4:e2b,441,100
gemma4:e2b,442,100
gemma4:e2b,443,0
gemma4:e2b,444,0
gemma4:e2b,445,0
gemma4:e2b,446,100
gemma4:e2b,447,65
gemma4:e2b,448,15
gemma4:e2b,449,100
gemma4:e2b,450,100
gemma4:e2b,451,10
gemma4:e2b,452,100
gemma4:e2b,453,100
gemma4:e2b,454,0
gemma4:e2b,455,70
gemma4:e2b,456,100
gemma4:e2b,457,40
gemma4:e2b,458,100
gemma4:e2b,459,30
gemma4:e2b,460,100
gemma4:e2b,461,0
gemma4:e2b,462,100
gemma4:e2b,463,100
gemma4:e2b,464,100
gemma4:e2b,465,100
gemma4:e2b,466,40
gemma4:e2b,467,100
gemma4:e2b,468,100
gemma4:e2b,469,0
gemma4:e2b,470,100
gemma4:e2b,471,0
gemma4:e2b,472,70
gemma4:e2b,473,100
gemma4:e2b,474,100
gemma4:e2b,475,100
gemma4:e2b,476,100
gemma4:e2b,477,100
gemma4:e2b,478,100
gemma4:e2b,479,100
gemma4:e2b,480,70
gemma4:e2b,481,100
gemma4:e2b,482,100
gemma4:e2b,483,100
gemma4:e2b,484,100
gemma4:e2b,485,70
gemma4:e2b,486,100
gemma4:e2b,487,100
gemma4:e2b,488,65
gemma4:e2b,489,100
gemma4:e2b,490,100
gemma4:e2b,491,0
gemma4:e2b,492,15
gemma4:e2b,493,100
gemma4:e2b,494,100
gemma4:e2b,495,100
gemma4:e2b,496,100
gemma4:e2b,497,100
gemma4:e2b,498,Please provide the string.
gemma4:e2b,499,100
gemma4:e2b,500,100
gemma4:e2b,501,100
gemma4:e2b,502,100
gemma4:e2b,503,100
gemma4:e2b,504,0
gemma4:e2b,505,100
gemma4:e2b,506,100
gemma4:e2b,507,0.0
gemma4:e2b,508,100
gemma4:e2b,509,100
gemma4:e2b,510,100
gemma4:e2b,511,100
gemma4:e2b,512,100
gemma4:e2b,513,10
gemma4:e2b,514,60
gemma4:e2b,515,100
gemma4:e2b,516,100
gemma4:e2b,517,100
gemma4:e2b,518,100
gemma4:e2b,519,100
gemma4:e2b,520,100
gemma4:e2b,521,100
gemma4:e2b,522,100
gemma4:e2b,523,100
gemma4:e2b,524,100
gemma4:e2b,525,100
gemma4:e2b,526,100
gemma4:e2b,527,100
gemma4:e2b,528,100
gemma4:e2b,529,100
gemma4:e2b,530,100
gemma4:e2b,531,100
gemma4:e2b,532,100
gemma4:e2b,533,100
gemma4:e2b,534,100
gemma4:e2b,535,100
gemma4:e2b,536,100
gemma4:e2b,537,100
gemma4:e2b,538,0
gemma4:e2b,539,100
gemma4:e2b,540,100
gemma4:e2b,541,100
gemma4:e2b,542,100
gemma4:e2b,543,100
gemma4:e2b,544,100
gemma4:e2b,545,100
gemma4:e2b,546,100
gemma4:e2b,547,100
gemma4:e2b,548,100
gemma4:e2b,549,100
gemma4:e2b,550,100
gemma4:e2b,551,100
gemma4:e2b,552,0.0
gemma4:e2b,553,100
gemma4:e2b,554,100
gemma4:e2b,555,100
gemma4:e2b,556,100
gemma4:e2b,557,100
gemma4:e2b,558,100
gemma4:e2b,559,100
gemma4:e2b,560,100
gemma4:e2b,561,100
gemma4:e2b,562,100
gemma4:e2b,563,100
gemma4:e2b,564,100
gemma4:e2b,565,0
gemma4:e2b,566,100
gemma4:e2b,567,100
gemma4:e2b,568,100
gemma4:e2b,569,100
gemma4:e2b,570,100
gemma4:e2b,571,20
gemma4:e2b,572,95
gemma4:e2b,573,65
gemma4:e2b,574,70
gemma4:e2b,575,100
gemma4:e2b,576,100
gemma4:e2b,577,50
gemma4:e2b,578,100
gemma4:e2b,579,100
gemma4:e2b,580,100
gemma4:e2b,581,Please provide the string.
gemma4:e2b,582,100
gemma4:e2b,583,0
gemma4:e2b,584,5
gemma4:e2b,585,100
gemma4:e2b,586,0
gemma4:e2b,587,100
gemma4:e2b,588,100
gemma4:e2b,589,0
gemma4:e2b,590,0
gemma4:e2b,591,100
gemma4:e2b,592,80
gemma4:e2b,593,0
gemma4:e2b,594,100
gemma4:e2b,595,0
gemma4:e2b,596,0
gemma4:e2b,597,100
gemma4:e2b,598,100
gemma4:e2b,599,0
gemma4:e2b,600,0
gemma4:e2b,601,100
gemma4:e2b,602,100
gemma4:e2b,603,100
gemma4:e2b,604,0
gemma4:e2b,605,0
gemma4:e2b,606,28
gemma4:e2b,607,100
gemma4:e2b,608,100
gemma4:e2b,609,0
gemma4:e2b,610,0
gemma4:e2b,611,100
gemma4:e2b,612,0
gemma4:e2b,613,0
gemma4:e2b,614,100
gemma4:e2b,615,95
gemma4:e2b,616,0
gemma4:e2b,617,30
gemma4:e2b,618,100
gemma4:e2b,619,0.0
gemma4:e2b,620,0
gemma4:e2b,621,100
gemma4:e2b,622,100
gemma4:e2b,623,0
gemma4:e2b,624,100
gemma4:e2b,625,100
gemma4:e2b,626,100
gemma4:e2b,627,100
gemma4:e2b,628,0
gemma4:e2b,629,0
gemma4:e2b,630,0
gemma4:e2b,631,100
gemma4:e2b,632,0
gemma4:e2b,633,15
gemma4:e2b,634,10
gemma4:e2b,635,100
gemma4:e2b,636,100
gemma4:e2b,637,100
gemma4:e2b,638,100
gemma4:e2b,639,100
gemma4:e2b,640,0
gemma4:e2b,641,100
gemma4:e2b,642,100
gemma4:e2b,643,100
gemma4:e2b,644,100
gemma4:e2b,645,20
gemma4:e2b,646,30
gemma4:e2b,647,100
gemma4:e2b,648,100
gemma4:e2b,649,3
gemma4:e2b,650,0
gemma4:e2b,651,2
gemma4:e2b,652,100
gemma4:e2b,653,20
gemma4:e2b,654,0
gemma4:e2b,655,0
gemma4:e2b,656,100
gemma4:e2b,657,100
gemma4:e2b,658,100
gemma4:e2b,659,60
gemma4:e2b,660,100
gemma4:e2b,661,0
gemma4:e2b,662,100
gemma4:e2b,663,100
gemma4:e2b,664,100
gemma4:e2b,665,100
gemma4:e2b,666,100
gemma4:e2b,667,0
gemma4:e2b,668,0
gemma4:e2b,669,100
gemma4:e2b,670,100
gemma4:e2b,671,100
gemma4:e2b,672,100
gemma4:e2b,673,100
gemma4:e2b,674,100
gemma4:e2b,675,0
gemma4:e2b,676,100
gemma4:e2b,677,(No string provided)
gemma4:e2b,678,100
gemma4:e2b,679,30
gemma4:e2b,680,20
gemma4:e2b,681,100
gemma4:e2b,682,0
gemma4:e2b,683,0
gemma4:e2b,684,0
gemma4:e2b,685,100
gemma4:e2b,686,0.0
gemma4:e2b,687,100
gemma4:e2b,688,100
gemma4:e2b,689,10
gemma4:e2b,690,100
gemma4:e2b,691,100
gemma4:e2b,692,100
gemma4:e2b,693,100
gemma4:e2b,694,70
gemma4:e2b,695,100
gemma4:e2b,696,100
gemma4:e2b,697,0
gemma4:e2b,698,100
gemma4:e2b,699,100
gemma4:e2b,700,100
gemma4:e2b,701,100
gemma4:e2b,702,100
gemma4:e2b,703,0
gemma4:e2b,704,100
gemma4:e2b,705,90
gemma4:e2b,706,100
gemma4:e2b,707,70
gemma4:e2b,708,100
gemma4:e2b,709,100
gemma4:e2b,710,100
gemma4:e2b,711,100
gemma4:e2b,712,100
gemma4:e2b,713,100
gemma4:e2b,714,100
gemma4:e2b,715,100
gemma4:e2b,716,100
gemma4:e2b,717,1
gemma4:e2b,718,100
gemma4:e2b,719,100
gemma4:e2b,720,
gemma4:e2b,721,100
gemma4:e2b,722,100
gemma4:e2b,723,55
gemma4:e2b,724,100
gemma4:e2b,725,15
gemma4:e2b,726,100
gemma4:e2b,727,100
gemma4:e2b,728,100
gemma4:e2b,729,100
gemma4:e2b,730,0
gemma4:e2b,731,35
gemma4:e2b,732,100
gemma4:e2b,733,0
gemma4:e2b,734,100
gemma4:e2b,735,100
gemma4:e2b,736,100
gemma4:e2b,737,100
gemma4:e2b,738,100
gemma4:e2b,739,100
gemma4:e2b,740,25
gemma4:e2b,741,100
gemma4:e2b,742,15
gemma4:e2b,743,100
gemma4:e2b,744,100
gemma4:e2b,745,100
gemma4:e2b,746,100
gemma4:e2b,747,100
gemma4:e2b,748,85
gemma4:e2b,749,0
gemma4:e2b,750,100
gemma4:e2b,751,100
gemma4:e2b,752,100
gemma4:e2b,753,100
gemma4:e2b,754,0
gemma4:e2b,755,100
gemma4:e2b,756,100
gemma4:e2b,757,0
gemma4:e2b,758,100
gemma4:e2b,759,100
gemma4:e2b,760,100
gemma4:e2b,761,100
gemma4:e2b,762,0
gemma4:e2b,763,15
gemma4:e2b,764,100
gemma4:e2b,765,100
gemma4:e2b,766,0
gemma4:e2b,767,0
gemma4:e2b,768,35
gemma4:e2b,769,0
gemma4:e2b,770,0
gemma4:e2b,771,4
gemma4:e2b,772,100
gemma4:e2b,773,100
gemma4:e2b,774,100
gemma4:e2b,775,3
gemma4:e2b,776,100
gemma4:e2b,777,100
gemma4:e2b,778,0
gemma4:e2b,779,100
gemma4:e2b,780,100
gemma4:e2b,781,100
gemma4:e2b,782,85
gemma4:e2b,783,100
gemma4:e2b,784,0
gemma4:e2b,785,100
gemma4:e2b,786,100
gemma4:e2b,787,100
gemma4:e2b,788,100
gemma4:e2b,789,0.0
gemma4:e2b,790,95
gemma4:e2b,791,0
gemma4:e2b,792,100
gemma4:e2b,793,0
gemma4:e2b,794,0
gemma4:e2b,795,0
gemma4:e2b,796,100
gemma4:e2b,797,100
gemma4:e2b,798,100
gemma4:e2b,799,100
gemma4:e2b,800,100
gemma4:e2b,801,0
gemma4:e2b,802,0
gemma4:e2b,803,100
gemma4:e2b,804,0
gemma4:e2b,805,100
gemma4:e2b,806,70
gemma4:e2b,807,35
gemma4:e2b,808,0.0
gemma4:e2b,809,96
gemma4:e2b,810,100
gemma4:e2b,811,100
gemma4:e2b,812,0
gemma4:e2b,813,100
gemma4:e2b,814,100
gemma4:e2b,815,30
gemma4:e2b,816,96
gemma4:e2b,817,95
gemma4:e2b,818,100
gemma4:e2b,819,90
gemma4:e2b,820,96
gemma4:e2b,821,100
gemma4:e2b,822,0
gemma4:e2b,823,0.0
gemma4:e2b,824,100
gemma4:e2b,825,40
gemma4:e2b,826,100
gemma4:e2b,827,100
gemma4:e2b,828,0
gemma4:e2b,829,100
gemma4:e2b,830,5
gemma4:e2b,831,0
gemma4:e2b,832,0
gemma4:e2b,833,
gemma4:e2b,834,70
gemma4:e2b,835,1
gemma4:e2b,836,30
gemma4:e2b,837,100
gemma4:e2b,838,100
gemma4:e2b,839,100
gemma4:e2b,840,0
gemma4:e2b,841,100
gemma4:e2b,842,90
gemma4:e2b,843,100
gemma4:e2b,844,40
gemma4:e2b,845,100
gemma4:e2b,846,0
gemma4:e2b,847,100
gemma4:e2b,848,100
gemma4:e2b,849,100
gemma4:e2b,850,100
gemma4:e2b,851,100
gemma4:e2b,852,100
gemma4:e2b,853,100
gemma4:e2b,854,100
gemma4:e2b,855,100
gemma4:e2b,856,0.0
gemma4:e2b,857,0
gemma4:e2b,858,0
gemma4:e2b,859,0.0
gemma4:e2b,860,20
gemma4:e2b,861,100
gemma4:e2b,862,0.0
gemma4:e2b,863,100
gemma4:e2b,864,10
gemma4:e2b,865,100
gemma4:e2b,866,90
gemma4:e2b,867,5
gemma4:e2b,868,100
gemma4:e2b,869,100
gemma4:e2b,870,100
gemma4:e2b,871,100
gemma4:e2b,872,100
gemma4:e2b,873,100
gemma4:e2b,874,0
gemma4:e2b,875,100
gemma4:e2b,876,5
gemma4:e2b,877,80
gemma4:e2b,878,70
gemma4:e2b,879,60
gemma4:e2b,880,100
gemma4:e2b,881,100
gemma4:e2b,882,100
gemma4:e2b,883,0.0
gemma4:e2b,884,5
gemma4:e2b,885,0
gemma4:e2b,886,100
gemma4:e2b,887,100
gemma4:e2b,888,0
gemma4:e2b,889,0
gemma4:e2b,890,100
gemma4:e2b,891,100
gemma4:e2b,892,0
gemma4:e2b,893,20
gemma4:e2b,894,75
gemma4:e2b,895,100
gemma4:e2b,896,
gemma4:e2b,897,40
gemma4:e2b,898,100
gemma4:e2b,899,100
gemma4:e2b,900,100
gemma4:e2b,901,5
gemma4:e2b,902,100
gemma4:e2b,903,100
gemma4:e2b,904,100
gemma4:e2b,905,100
gemma4:e2b,906,100
gemma4:e2b,907,100
gemma4:e2b,908,100
gemma4:e2b,909,100
gemma4:e2b,910,70
gemma4:e2b,911,100
gemma4:e2b,912,100
gemma4:e2b,913,100
gemma4:e2b,914,5
gemma4:e2b,915,100
gemma4:e2b,916,95
gemma4:e2b,917,100
gemma4:e2b,918,100
gemma4:e2b,919,70
gemma4:e2b,920,
gemma4:e2b,921,100
gemma4:e2b,922,100
gemma4:e2b,923,100
gemma4:e2b,924,0
gemma4:e2b,925,100
gemma4:e2b,926,100
gemma4:e2b,927,80
gemma4:e2b,928,100
gemma4:e2b,929,100
gemma4:e2b,930,15
gemma4:e2b,931,0
gemma4:e2b,932,100
gemma4:e2b,933,100
gemma4:e2b,934,0
gemma4:e2b,935,100
gemma4:e2b,936,100
gemma4:e2b,937,100
gemma4:e2b,938,100
gemma4:e2b,939,100
gemma4:e2b,940,100
gemma4:e2b,941,0
gemma4:e2b,942,0.0
gemma4:e2b,943,40
gemma4:e2b,944,100
gemma4:e2b,945,40
gemma4:e2b,946,0
gemma4:e2b,947,0
gemma4:e2b,948,100
gemma4:e2b,949,100
gemma4:e2b,950,100
gemma4:e2b,951,0
gemma4:e2b,952,100
gemma4:e2b,953,100
gemma4:e2b,954,100
gemma4:e2b,955,0
gemma4:e2b,956,100
gemma4:e2b,957,100
gemma4:e2b,958,0
gemma4:e2b,959,100
gemma4:e2b,960,100
gemma4:e2b,961,0
gemma4:e2b,962,100
gemma4:e2b,963,0
gemma4:e2b,964,0
gemma4:e2b,965,100
gemma4:e2b,966,100
gemma4:e2b,967,5
gemma4:e2b,968,100
gemma4:e2b,969,0
gemma4:e2b,970,100
gemma4:e2b,971,100
gemma4:e2b,972,100
gemma4:e2b,973,0
gemma4:e2b,974,100
gemma4:e2b,975,100
gemma4:e2b,976,100
gemma4:e2b,977,0
gemma4:e2b,978,100
gemma4:e2b,979,15
gemma4:e2b,980,100
gemma4:e2b,981,100
gemma4:e2b,982,0
gemma4:e2b,983,20
gemma4:e2b,984,15
gemma4:e2b,985,0
gemma4:e2b,986,0
gemma4:e2b,987,0
gemma4:e2b,988,100
gemma4:e2b,989,100
gemma4:e2b,990,100
gemma4:e2b,991,100
gemma4:e2b,992,100
gemma4:e2b,993,100
gemma4:e2b,994,80
gemma4:e2b,995,100
gemma4:e2b,996,40
gemma4:e2b,997,50
gemma4:e2b,998,35
gemma4:e2b,999,100
gemma4:e2b,1000,100
gemma4:e2b,1001,100
gemma4:e2b,1002,100
gemma4:e2b,1003,100
gemma4:e2b,1004,100
gemma4:e2b,1005,100
gemma4:e2b,1006,100
gemma4:e2b,1007,0
gemma4:e2b,1008,100
gemma4:e2b,1009,100
gemma4:e2b,1010,100
gemma4:e2b,1011,100
gemma4:e2b,1012,100
gemma4:e2b,1013,100
gemma4:e2b,1014,100
gemma4:e2b,1015,100
gemma4:e2b,1016,100
gemma4:e2b,1017,100
gemma4:e2b,1018,0
gemma4:e2b,1019,96
gemma4:e2b,1020,70
gemma4:e2b,1021,70
gemma4:e2b,1022,0
gemma4:e2b,1023,100
gemma4:e2b,1024,100
gemma4:e2b,1025,100
gemma4:e2b,1026,100
gemma4:e2b,1027,100
gemma4:e2b,1028,70
gemma4:e2b,1029,0.0
gemma4:e2b,1030,100
gemma4:e2b,1031,0
gemma4:e2b,1032,100
gemma4:e2b,1033,100
gemma4:e2b,1034,100
gemma4:e2b,1035,100
gemma4:e2b,1036,100
gemma4:e2b,1037,10
gemma4:e2b,1038,100
gemma4:e2b,1039,100
gemma4:e2b,1040,100
gemma4:e2b,1041,100
gemma4:e2b,1042,0
gemma4:e2b,1043,0
gemma4:e2b,1044,0
gemma4:e2b,1045,0
gemma4:e2b,1046,100
gemma4:e2b,1047,11
gemma4:e2b,1048,70
gemma4:e2b,1049,0
gemma4:e2b,1050,100
gemma4:e2b,1051,35
gemma4:e2b,1052,100
gemma4:e2b,1053,100
gemma4:e2b,1054,100
gemma4:e2b,1055,100
gemma4:e2b,1056,0
gemma4:e2b,1057,0
gemma4:e2b,1058,0
gemma4:e2b,1059,100
gemma4:e2b,1060,100
gemma4:e2b,1061,100
gemma4:e2b,1062,100
gemma4:e2b,1063,100
gemma4:e2b,1064,100
gemma4:e2b,1065,25
gemma4:e2b,1066,100
gemma4:e2b,1067,95
gemma4:e2b,1068,100
gemma4:e2b,1069,0
gemma4:e2b,1070,100
gemma4:e2b,1071,100
gemma4:e2b,1072,100
gemma4:e2b,1073,0
gemma4:e2b,1074,100
gemma4:e2b,1075,0.0
gemma4:e2b,1076,100
gemma4:e2b,1077,100
gemma4:e2b,1078,0
gemma4:e2b,1079,100
gemma4:e2b,1080,100
gemma4:e2b,1081,100
gemma4:e2b,1082,100
gemma4:e2b,1083,12
gemma4:e2b,1084,0
gemma4:e2b,1085,5
gemma4:e2b,1086,100
gemma4:e2b,1087,1
gemma4:e2b,1088,100
gemma4:e2b,1089,60
gemma4:e2b,1090,100
gemma4:e2b,1091,45
gemma4:e2b,1092,100
gemma4:e2b,1093,100
gemma4:e2b,1094,100
gemma4:e2b,1095,0
gemma4:e2b,1096,5
gemma4:e2b,1097,70
gemma4:e2b,1098,100
gemma4:e2b,1099,100
gemma4:e2b,1100,0
gemma4:e2b,1101,100
gemma4:e2b,1102,100
gemma4:e2b,1103,100
gemma4:e2b,1104,100
gemma4:e2b,1105,100
gemma4:e2b,1106,30
gemma4:e2b,1107,0
gemma4:e2b,1108,100
gemma4:e2b,1109,0
gemma4:e2b,1110,0
gemma4:e2b,1111,70
gemma4:e2b,1112,0
gemma4:e2b,1113,100
gemma4:e2b,1114,100
gemma4:e2b,1115,100
gemma4:e2b,1116,100
gemma4:e2b,1117,100
gemma4:e2b,1118,100
gemma4:e2b,1119,100
gemma4:e2b,1120,30
gemma4:e2b,1121,100
gemma4:e2b,1122,100
gemma4:e2b,1123,100
gemma4:e2b,1124,100
gemma4:e2b,1125,0.0
gemma4:e2b,1126,100
gemma4:e2b,1127,100
gemma4:e2b,1128,100
gemma4:e2b,1129,100
gemma4:e2b,1130,100
gemma4:e2b,1131,100
gemma4:e2b,1132,40
gemma4:e2b,1133,100
gemma4:e2b,1134,0
gemma4:e2b,1135,100
gemma4:e2b,1136,100
gemma4:e2b,1137,100
gemma4:e2b,1138,100
gemma4:e2b,1139,100
gemma4:e2b,1140,70
gemma4:e2b,1141,100
gemma4:e2b,1142,100
gemma4:e2b,1143,100
gemma4:e2b,1144,100
gemma4:e2b,1145,(No string was provided.)
gemma4:e2b,1146,100
gemma4:e2b,1147,100
gemma4:e2b,1148,100
gemma4:e2b,1149,0
gemma4:e2b,1150,60
gemma4:e2b,1151,100
gemma4:e2b,1152,100
gemma4:e2b,1153,0
gemma4:e2b,1154,95
gemma4:e2b,1155,100
gemma4:e2b,1156,100
gemma4:e2b,1157,30
gemma4:e2b,1158,0
gemma4:e2b,1159,15
gemma4:e2b,1160,10
gemma4:e2b,1161,40
gemma4:e2b,1162,7
gemma4:e2b,1163,60
gemma4:e2b,1164,0
gemma4:e2b,1165,50
gemma4:e2b,1166,0
gemma4:e2b,1167,0
gemma4:e2b,1168,100
gemma4:e2b,1169,100
gemma4:e2b,1170,0
gemma4:e2b,1171,100
gemma4:e2b,1172,20
gemma4:e2b,1173,0
gemma4:e2b,1174,55
gemma4:e2b,1175,85
gemma4:e2b,1176,100
gemma4:e2b,1177,100
gemma4:e2b,1178,50
gemma4:e2b,1179,0
gemma4:e2b,1180,10
gemma4:e2b,1181,10
gemma4:e2b,1182,0.0
gemma4:e2b,1183,100
gemma4:e2b,1184,100
gemma4:e2b,1185,100
gemma4:e2b,1186,100
gemma4:e2b,1187,100
gemma4:e2b,1188,100
gemma4:e2b,1189,100
gemma4:e2b,1190,100
gemma4:e2b,1191,100
gemma4:e2b,1192,45
gemma4:e2b,1193,100
gemma4:e2b,1194,100
gemma4:e2b,1195,100
gemma4:e2b,1196,100
gemma4:e2b,1197,20
gemma4:e2b,1198,100
gemma4:e2b,1199,0
gemma4:e2b,1200,100
gemma4:e2b,1201,100
gemma4:e2b,1202,100
gemma4:e2b,1203,100
gemma4:e2b,1204,100
gemma4:e2b,1205,100
gemma4:e2b,1206,100
gemma4:e2b,1207,100
gemma4:e2b,1208,100
gemma4:e2b,1209,30
gemma4:e2b,1210,100
gemma4:e2b,1211,100
gemma4:e2b,1212,100
gemma4:e2b,1213,100
gemma4:e2b,1214,100
gemma4:e2b,1215,100
gemma4:e2b,1216,0
gemma4:e2b,1217,100
gemma4:e2b,1218,0
gemma4:e2b,1219,0
gemma4:e2b,1220,100
gemma4:e2b,1221,0
gemma4:e2b,1222,30
gemma4:e2b,1223,
gemma4:e2b,1224,100
gemma4:e2b,1225,100
gemma4:e2b,1226,100
gemma4:e2b,1227,100
gemma4:e2b,1228,100
gemma4:e2b,1229,100
gemma4:e2b,1230,100
gemma4:e2b,1231,100
gemma4:e2b,1232,100
gemma4:e2b,1233,100
gemma4:e2b,1234,100
gemma4:e2b,1235,100
gemma4:e2b,1236,100
gemma4:e2b,1237,100
gemma4:e2b,1238,100
gemma4:e2b,1239,100
gemma4:e2b,1240,100
gemma4:e2b,1241,100
gemma4:e2b,1242,100
gemma4:e2b,1243,100
gemma4:e2b,1244,100
gemma4:e2b,1245,100
gemma4:e2b,1246,100
gemma4:e2b,1247,0
gemma4:e2b,1248,100
gemma4:e2b,1249,0
gemma4:e2b,1250,0
gemma4:e2b,1251,0
gemma4:e2b,1252,1
gemma4:e2b,1253,100
gemma4:e2b,1254,100
gemma4:e2b,1255,0
gemma4:e2b,1256,0
gemma4:e2b,1257,0
gemma4:e2b,1258,100
gemma4:e2b,1259,100
gemma4:e2b,1260,100
gemma4:e2b,1261,100
gemma4:e2b,1262,70
gemma4:e2b,1263,0
gemma4:e2b,1264,100
gemma4:e2b,1265,100
gemma4:e2b,1266,100
gemma4:e2b,1267,100
gemma4:e2b,1268,100
gemma4:e2b,1269,100
gemma4:e2b,1270,100
gemma4:e2b,1271,100
gemma4:e2b,1272,15
gemma4:e2b,1273,0
gemma4:e2b,1274,100
gemma4:e2b,1275,100
gemma4:e2b,1276,100
gemma4:e2b,1277,100
gemma4:e2b,1278,90
gemma4:e2b,1279,100
gemma4:e2b,1280,100
gemma4:e2b,1281,15
gemma4:e2b,1282,100
gemma4:e2b,1283,0
gemma4:e2b,1284,100
gemma4:e2b,1285,100
gemma4:e2b,1286,100
gemma4:e2b,1287,0
gemma4:e2b,1288,0
gemma4:e2b,1289,100
gemma4:e2b,1290,100
gemma4:e2b,1291,10
gemma4:e2b,1292,100
gemma4:e2b,1293,100
gemma4:e2b,1294,100
gemma4:e2b,1295,60
gemma4:e2b,1296,0
gemma4:e2b,1297,0
gemma4:e2b,1298,0
gemma4:e2b,1299,50
gemma4:e2b,1300,100
gemma4:e2b,1301,86
gemma4:e2b,1302,100
gemma4:e2b,1303,70
gemma4:e2b,1304,100
gemma4:e2b,1305,100
gemma4:e2b,1306,0
gemma4:e2b,1307,100
gemma4:e2b,1308,100
gemma4:e2b,1309,100
gemma4:e2b,1310,100
gemma4:e2b,1311,100
gemma4:e2b,1312,0
gemma4:e2b,1313,100
gemma4:e2b,1314,45
gemma4:e2b,1315,90
gemma4:e2b,1316,100
gemma4:e2b,1317,100
gemma4:e2b,1318,100
gemma4:e2b,1319,10
gemma4:e2b,1320,20
gemma4:e2b,1321,100
gemma4:e2b,1322,100
gemma4:e2b,1323,85
gemma4:e2b,1324,100
gemma4:e2b,1325,0
gemma4:e2b,1326,0
gemma4:e2b,1327,70
gemma4:e2b,1328,100
gemma4:e2b,1329,15
gemma4:e2b,1330,100
gemma4:e2b,1331,100
gemma4:e2b,1332,100
gemma4:e2b,1333,100
gemma4:e2b,1334,100
gemma4:e2b,1335,8
gemma4:e2b,1336,35
gemma4:e2b,1337,100
gemma4:e2b,1338,100
gemma4:e2b,1339,0
gemma4:e2b,1340,100
gemma4:e2b,1341,100
gemma4:e2b,1342,100
gemma4:e2b,1343,100
gemma4:e2b,1344,80
gemma4:e2b,1345,20
gemma4:e2b,1346,100
gemma4:e2b,1347,100
gemma4:e2b,1348,100
gemma4:e2b,1349,10
gemma4:e2b,1350,10
gemma4:e2b,1351,100
gemma4:e2b,1352,100
gemma4:e2b,1353,0
gemma4:e2b,1354,100
gemma4:e2b,1355,100
gemma4:e2b,1356,100
gemma4:e2b,1357,100
gemma4:e2b,1358,100
gemma4:e2b,1359,100
gemma4:e2b,1360,5
gemma4:e2b,1361,100
gemma4:e2b,1362,100
gemma4:e2b,1363,3
gemma4:e2b,1364,0
gemma4:e2b,1365,100
gemma4:e2b,1366,100
gemma4:e2b,1367,100
gemma4:e2b,1368,0
gemma4:e2b,1369,100
gemma4:e2b,1370,35
gemma4:e2b,1371,0
gemma4:e2b,1372,70
gemma4:e2b,1373,100
gemma4:e2b,1374,100
gemma4:e2b,1375,100
gemma4:e2b,1376,100
gemma4:e2b,1377,0
gemma4:e2b,1378,100
gemma4:e2b,1379,0
gemma4:e2b,1380,20
gemma4:e2b,1381,100
gemma4:e2b,1382,25
gemma4:e2b,1383,100
gemma4:e2b,1384,100
gemma4:e2b,1385,100
gemma4:e2b,1386,100
gemma4:e2b,1387,100
gemma4:e2b,1388,100
gemma4:e2b,1389,100
gemma4:e2b,1390,100
gemma4:e2b,1391,100
gemma4:e2b,1392,100
gemma4:e2b,1393,100
gemma4:e2b,1394,100
gemma4:e2b,1395,100
gemma4:e2b,1396,0
gemma4:e2b,1397,0
gemma4:e2b,1398,0
gemma4:e2b,1399,90
gemma4:e2b,1400,0
gemma4:e2b,1401,0
gemma4:e2b,1402,100
gemma4:e2b,1403,0
gemma4:e2b,1404,100
gemma4:e2b,1405,10
gemma4:e2b,1406,100
gemma4:e2b,1407,0
gemma4:e2b,1408,0
gemma4:e2b,1409,0
gemma4:e2b,1410,0
gemma4:e2b,1411,0
gemma4:e2b,1412,100
gemma4:e2b,1413,100
gemma4:e2b,1414,100
gemma4:e2b,1415,
gemma4:e2b,1416,100
gemma4:e2b,1417,75
gemma4:e2b,1418,100
gemma4:e2b,1419,60
gemma4:e2b,1420,20
gemma4:e2b,1421,100
gemma4:e2b,1422,0
gemma4:e2b,1423,0
gemma4:e2b,1424,100
gemma4:e2b,1425,100
gemma4:e2b,1426,100
gemma4:e2b,1427,60
gemma4:e2b,1428,100
gemma4:e2b,1429,0
gemma4:e2b,1430,40
gemma4:e2b,1431,100
gemma4:e2b,1432,100
gemma4:e2b,1433,100
gemma4:e2b,1434,100
gemma4:e2b,1435,30
gemma4:e2b,1436,100
gemma4:e2b,1437,100
gemma4:e2b,1438,100
gemma4:e2b,1439,0
gemma4:e2b,1440,100
gemma4:e2b,1441,100
gemma4:e2b,1442,85
gemma4:e2b,1443,0
gemma4:e2b,1444,100
gemma4:e2b,1445,0
gemma4:e2b,1446,100
gemma4:e2b,1447,100
gemma4:e2b,1448,20
gemma4:e2b,1449,60
gemma4:e2b,1450,0
gemma4:e2b,1451,100
gemma4:e2b,1452,100
gemma4:e2b,1453,100
gemma4:e2b,1454,40
gemma4:e2b,1455,100
gemma4:e2b,1456,100
gemma4:e2b,1457,100
gemma4:e2b,1458,0
gemma4:e2b,1459,100
gemma4:e2b,1460,100
gemma4:e2b,1461,100
gemma4:e2b,1462,95
gemma4:e2b,1463,100
gemma4:e2b,1464,100
gemma4:e2b,1465,25
gemma4:e2b,1466,100
gemma4:e2b,1467,100
gemma4:e2b,1468,0
gemma4:e2b,1469,100
gemma4:e2b,1470,100
gemma4:e2b,1471,0
gemma4:e2b,1472,100
gemma4:e2b,1473,Please provide the string.
gemma4:e2b,1474,100
gemma4:e2b,1475,0
gemma4:e2b,1476,100
gemma4:e2b,1477,0
gemma4:e2b,1478,60
gemma4:e2b,1479,100
gemma4:e2b,1480,0
gemma4:e2b,1481,45
gemma4:e2b,1482,95
gemma4:e2b,1483,0
gemma4:e2b,1484,100
gemma4:e2b,1485,100
gemma4:e2b,1486,100
gemma4:e2b,1487,15
gemma4:e2b,1488,0
gemma4:e2b,1489,100
gemma4:e2b,1490,100
gemma4:e2b,1491,100
gemma4:e2b,1492,30
gemma4:e2b,1493,100
gemma4:e2b,1494,100
gemma4:e2b,1495,100
gemma4:e2b,1496,70
gemma4:e2b,1497,100
gemma4:e2b,1498,100
gemma4:e2b,1499,100
gemma4:e2b,1500,100
gemma4:e2b,1501,100
gemma4:e2b,1502,100
gemma4:e2b,1503,100
gemma4:e2b,1504,100
gemma4:e2b,1505,100
gemma4:e2b,1506,100
gemma4:e2b,1507,100
gemma4:e2b,1508,100
gemma4:e2b,1509,65
gemma4:e2b,1510,40
gemma4:e2b,1511,30
gemma4:e2b,1512,0
gemma4:e2b,1513,0
gemma4:e2b,1514,50
gemma4:e2b,1515,Please provide the string.
gemma4:e2b,1516,100
gemma4:e2b,1517,95
gemma4:e2b,1518,20
gemma4:e2b,1519,100
gemma4:e2b,1520,100
gemma4:e2b,1521,100
gemma4:e2b,1522,100
gemma4:e2b,1523,30
gemma4:e2b,1524,100
gemma4:e2b,1525,70
gemma4:e2b,1526,15
gemma4:e2b,1527,100
gemma4:e2b,1528,0
gemma4:e2b,1529,30
gemma4:e2b,1530,70
gemma4:e2b,1531,20
gemma4:e2b,1532,25
gemma4:e2b,1533,0
gemma4:e2b,1534,80
gemma4:e2b,1535,100
gemma4:e2b,1536,100
gemma4:e2b,1537,0
gemma4:e2b,1538,100
gemma4:e2b,1539,0
gemma4:e2b,1540,0
gemma4:e2b,1541,100
gemma4:e2b,1542,100
gemma4:e2b,1543,100
gemma4:e2b,1544,50
gemma4:e2b,1545,100
gemma4:e2b,1546,20
gemma4:e2b,1547,100
gemma4:e2b,1548,100
gemma4:e2b,1549,100
gemma4:e2b,1550,90
gemma4:e2b,1551,100
gemma4:e2b,1552,100
gemma4:e2b,1553,70
gemma4:e2b,1554,100
gemma4:e2b,1555,0
gemma4:e2b,1556,100
gemma4:e2b,1557,15
gemma4:e2b,1558,100
gemma4:e2b,1559,100
gemma4:e2b,1560,0
gemma4:e2b,1561,15
gemma4:e2b,1562,100
gemma4:e2b,1563,100
gemma4:e2b,1564,100
gemma4:e2b,1565,0
gemma4:e2b,1566,100
gemma4:e2b,1567,95
gemma4:e2b,1568,100
gemma4:e2b,1569,0
gemma4:e2b,1570,100
gemma4:e2b,1571,100
gemma4:e2b,1572,0
gemma4:e2b,1573,100
gemma4:e2b,1574,0
gemma4:e2b,1575,100
gemma4:e2b,1576,100
gemma4:e2b,1577,100
gemma4:e2b,1578,100
gemma4:e2b,1579,100
gemma4:e2b,1580,0
gemma4:e2b,1581,100
gemma4:e2b,1582,100
gemma4:e2b,1583,15
gemma4:e2b,1584,100
gemma4:e2b,1585,0
gemma4:e2b,1586,100
gemma4:e2b,1587,75
gemma4:e2b,1588,100
gemma4:e2b,1589,93
gemma4:e2b,1590,100
gemma4:e2b,1591,0
gemma4:e2b,1592,100
gemma4:e2b,1593,60
gemma4:e2b,1594,100
gemma4:e2b,1595,100
gemma4:e2b,1596,100
gemma4:e2b,1597,100
gemma4:e2b,1598,100
gemma4:e2b,1599,0.0
gemma4:e2b,1600,100
gemma4:e2b,1601,100
gemma4:e2b,1602,50
gemma4:e2b,1603,100
gemma4:e2b,1604,100
gemma4:e2b,1605,100
gemma4:e2b,1606,0
gemma4:e2b,1607,100
gemma4:e2b,1608,100
gemma4:e2b,1609,20
gemma4:e2b,1610,100
gemma4:e2b,1611,100
gemma4:e2b,1612,100
gemma4:e2b,1613,100
gemma4:e2b,1614,100
gemma4:e2b,1615,100
gemma4:e2b,1616,100
gemma4:e2b,1617,100
gemma4:e2b,1618,100
gemma4:e2b,1619,95
gemma4:e2b,1620,100
gemma4:e2b,1621,15
gemma4:e2b,1622,100
gemma4:e2b,1623,100
gemma4:e2b,1624,100
gemma4:e2b,1625,100
gemma4:e2b,1626,65
gemma4:e2b,1627,35
gemma4:e2b,1628,20
gemma4:e2b,1629,100
gemma4:e2b,1630,100
gemma4:e2b,1631,100
gemma4:e2b,1632,100
gemma4:e2b,1633,100
gemma4:e2b,1634,100
gemma4:e2b,1635,0
gemma4:e2b,1636,100
gemma4:e2b,1637,100
gemma4:e2b,1638,90
gemma4:e2b,1639,0
gemma4:e2b,1640,100
gemma4:e2b,1641,0
gemma4:e2b,1642,100
gemma4:e2b,1643,100
gemma4:e2b,1644,100
gemma4:e2b,1645,100
gemma4:e2b,1646,100
gemma4:e2b,1647,100
gemma4:e2b,1648,90
gemma4:e2b,1649,100
gemma4:e2b,1650,100
gemma4:e2b,1651,0
gemma4:e2b,1652,100
gemma4:e2b,1653,100
gemma4:e2b,1654,0.0
gemma4:e2b,1655,0
gemma4:e2b,1656,0
gemma4:e2b,1657,60
gemma4:e2b,1658,100
gemma4:e2b,1659,100
gemma4:e2b,1660,100
gemma4:e2b,1661,100
gemma4:e2b,1662,0
gemma4:e2b,1663,100
gemma4:e2b,1664,100
gemma4:e2b,1665,35
gemma4:e2b,1666,100
gemma4:e2b,1667,15
gemma4:e2b,1668,0
gemma4:e2b,1669,0
gemma4:e2b,1670,50
gemma4:e2b,1671,0
gemma4:e2b,1672,ERROR
gemma4:e2b,1673,100
gemma4:e2b,1674,100
gemma4:e2b,1675,70
gemma4:e2b,1676,70
gemma4:e2b,1677,0
gemma4:e2b,1678,0
gemma4:e2b,1679,100
gemma4:e2b,1680,
gemma4:e2b,1681,100
gemma4:e2b,1682,75
gemma4:e2b,1683,70
gemma4:e2b,1684,0
gemma4:e2b,1685,100
gemma4:e2b,1686,100
gemma4:e2b,1687,100
gemma4:e2b,1688,95
gemma4:e2b,1689,100
gemma4:e2b,1690,100
gemma4:e2b,1691,100
gemma4:e2b,1692,0
gemma4:e2b,1693,0
gemma4:e2b,1694,100
gemma4:e2b,1695,40
gemma4:e2b,1696,100
gemma4:e2b,1697,100
gemma4:e2b,1698,100
gemma4:e2b,1699,85
gemma4:e2b,1700,100
gemma4:e2b,1701,100
gemma4:e2b,1702,0
gemma4:e2b,1703,96
gemma4:e2b,1704,10
gemma4:e2b,1705,0
gemma4:e2b,1706,0
gemma4:e2b,1707,100
gemma4:e2b,1708,100
gemma4:e2b,1709,0
gemma4:e2b,1710,90
gemma4:e2b,1711,100
gemma4:e2b,1712,100
gemma4:e2b,1713,40
gemma4:e2b,1714,100
gemma4:e2b,1715,15
gemma4:e2b,1716,100
gemma4:e2b,1717,90
gemma4:e2b,1718,20
gemma4:e2b,1719,0
gemma4:e2b,1720,100
gemma4:e2b,1721,100
gemma4:e2b,1722,100
gemma4:e2b,1723,0
gemma4:e2b,1724,40
gemma4:e2b,1725,5
gemma4:e2b,1726,35
gemma4:e2b,1727,100
gemma4:e2b,1728,70
gemma4:e2b,1729,100
gemma4:e2b,1730,100
gemma4:e2b,1731,100
gemma4:e2b,1732,100
gemma4:e2b,1733,15
gemma4:e2b,1734,100
gemma4:e2b,1735,30
gemma4:e2b,1736,100
gemma4:e2b,1737,0
gemma4:e2b,1738,100
gemma4:e2b,1739,100
gemma4:e2b,1740,100
gemma4:e2b,1741,100
gemma4:e2b,1742,100
gemma4:e2b,1743,100
gemma4:e2b,1744,100
gemma4:e2b,1745,100
gemma4:e2b,1746,100
gemma4:e2b,1747,100
gemma4:e2b,1748,0
gemma4:e2b,1749,100
gemma4:e2b,1750,100
gemma4:e2b,1751,95
gemma4:e2b,1752,100
gemma4:e2b,1753,50
gemma4:e2b,1754,100
gemma4:e2b,1755,30
gemma4:e2b,1756,85
gemma4:e2b,1757,100
gemma4:e2b,1758,100
gemma4:e2b,1759,0
gemma4:e2b,1760,100
gemma4:e2b,1761,100
gemma4:e2b,1762,100
gemma4:e2b,1763,285
gemma4:e2b,1764,40
gemma4:e2b,1765,0
gemma4:e2b,1766,100
gemma4:e2b,1767,50
gemma4:e2b,1768,60
gemma4:e2b,1769,100
gemma4:e2b,1770,5
gemma4:e2b,1771,100
gemma4:e2b,1772,100
gemma4:e2b,1773,100
gemma4:e2b,1774,0
gemma4:e2b,1775,20
gemma4:e2b,1776,20
gemma4:e2b,1777,0
gemma4:e2b,1778,100
gemma4:e2b,1779,100
gemma4:e2b,1780,100
gemma4:e2b,1781,5
gemma4:e2b,1782,100
gemma4:e2b,1783,0
gemma4:e2b,1784,100
gemma4:e2b,1785,0
gemma4:e2b,1786,0
gemma4:e2b,1787,5
gemma4:e2b,1788,100
gemma4:e2b,1789,100
gemma4:e2b,1790,
gemma4:e2b,1791,100
gemma4:e2b,1792,100
gemma4:e2b,1793,100
gemma4:e2b,1794,100
gemma4:e2b,1795,100
gemma4:e2b,1796,100
gemma4:e2b,1797,100
gemma4:e2b,1798,0
gemma4:e2b,1799,0.0
gemma4:e2b,1800,100
gemma4:e2b,1801,0
gemma4:e2b,1802,20
gemma4:e2b,1803,100
gemma4:e2b,1804,60
gemma4:e2b,1805,100
gemma4:e2b,1806,100
gemma4:e2b,1807,0
gemma4:e2b,1808,100
gemma4:e2b,1809,100
gemma4:e2b,1810,0
gemma4:e2b,1811,85
gemma4:e2b,1812,100
gemma4:e2b,1813,30
gemma4:e2b,1814,100
gemma4:e2b,1815,100
gemma4:e2b,1816,100
gemma4:e2b,1817,100
gemma4:e2b,1818,100
gemma4:e2b,1819,75
gemma4:e2b,1820,11
gemma4:e2b,1821,60
gemma4:e2b,1822,0
gemma4:e2b,1823,100
gemma4:e2b,1824,100
gemma4:e2b,1825,100
gemma4:e2b,1826,100
gemma4:e2b,1827,100
gemma4:e2b,1828,100
gemma4:e2b,1829,0
gemma4:e2b,1830,30
gemma4:e2b,1831,0
gemma4:e2b,1832,100
gemma4:e2b,1833,0.0
gemma4:e2b,1834,100
gemma4:e2b,1835,100
gemma4:e2b,1836,100
gemma4:e2b,1837,100
gemma4:e2b,1838,0
gemma4:e2b,1839,100
gemma4:e2b,1840,100
gemma4:e2b,1841,100
gemma4:e2b,1842,75
gemma4:e2b,1843,70
gemma4:e2b,1844,100
gemma4:e2b,1845,100
gemma4:e2b,1846,70
gemma4:e2b,1847,60
gemma4:e2b,1848,100
gemma4:e2b,1849,100
gemma4:e2b,1850,100
gemma4:e2b,1851,100
gemma4:e2b,1852,100
gemma4:e2b,1853,0
gemma4:e2b,1854,100
gemma4:e2b,1855,100
gemma4:e2b,1856,100
gemma4:e2b,1857,100
gemma4:e2b,1858,100
gemma4:e2b,1859,100
gemma4:e2b,1860,75
gemma4:e2b,1861,70
gemma4:e2b,1862,100
gemma4:e2b,1863,100
gemma4:e2b,1864,100
gemma4:e2b,1865,0.0
gemma4:e2b,1866,100
gemma4:e2b,1867,75
gemma4:e2b,1868,100
gemma4:e2b,1869,100
gemma4:e2b,1870,60
gemma4:e2b,1871,100
gemma4:e2b,1872,100
gemma4:e2b,1873,100
gemma4:e2b,1874,100
gemma4:e2b,1875,1
gemma4:e2b,1876,100
gemma4:e2b,1877,0
gemma4:e2b,1878,100
gemma4:e2b,1879,70
gemma4:e2b,1880,100
gemma4:e2b,1881,100
gemma4:e2b,1882,100
gemma4:e2b,1883,100
gemma4:e2b,1884,100
gemma4:e2b,1885,
gemma4:e2b,1886,100
gemma4:e2b,1887,0.0
gemma4:e2b,1888,100
gemma4:e2b,1889,90
gemma4:e2b,1890,100
gemma4:e2b,1891,100
gemma4:e2b,1892,100
gemma4:e2b,1893,30
gemma4:e2b,1894,100
gemma4:e2b,1895,0
gemma4:e2b,1896,0
gemma4:e2b,1897,100
gemma4:e2b,1898,100
gemma4:e2b,1899,1
gemma4:e2b,1900,100
gemma4:e2b,1901,100
gemma4:e2b,1902,100
gemma4:e2b,1903,100
gemma4:e2b,1904,100
gemma4:e2b,1905,100
gemma4:e2b,1906,100
gemma4:e2b,1907,100
gemma4:e2b,1908,100
gemma4:e2b,1909,0
gemma4:e2b,1910,100
gemma4:e2b,1911,100
gemma4:e2b,1912,30
gemma4:e2b,1913,100
gemma4:e2b,1914,0.0
gemma4:e2b,1915,100
gemma4:e2b,1916,100
gemma4:e2b,1917,100
gemma4:e2b,1918,100
gemma4:e2b,1919,100
gemma4:e2b,1920,100
gemma4:e2b,1921,0
gemma4:e2b,1922,100
gemma4:e2b,1923,100
gemma4:e2b,1924,100
gemma4:e2b,1925,60
gemma4:e2b,1926,100
gemma4:e2b,1927,100
gemma4:e2b,1928,100
gemma4:e2b,1929,100
gemma4:e2b,1930,0
gemma4:e2b,1931,5
gemma4:e2b,1932,100
gemma4:e2b,1933,100
gemma4:e2b,1934,100
gemma4:e2b,1935,100
gemma4:e2b,1936,100
gemma4:e2b,1937,0
gemma4:e2b,1938,80
gemma4:e2b,1939,100
gemma4:e2b,1940,10
gemma4:e2b,1941,100
gemma4:e2b,1942,100
gemma4:e2b,1943,0
gemma4:e2b,1944,100
gemma4:e2b,1945,100
gemma4:e2b,1946,0.0
gemma4:e2b,1947,100
gemma4:e2b,1948,100
gemma4:e2b,1949,100
gemma4:e2b,1950,
gemma4:e2b,1951,70
gemma4:e2b,1952,100
gemma4:e2b,1953,100
gemma4:e2b,1954,100
gemma4:e2b,1955,100
gemma4:e2b,1956,100
gemma4:e2b,1957,100
gemma4:e2b,1958,100
gemma4:e2b,1959,100
gemma4:e2b,1960,100
gemma4:e2b,1961,70
gemma4:e2b,1962,0
gemma4:e2b,1963,100
gemma4:e2b,1964,0
gemma4:e2b,1965,65
gemma4:e2b,1966,0
gemma4:e2b,1967,2
gemma4:e2b,1968,100
gemma4:e2b,1969,100
gemma4:e2b,1970,100
gemma4:e2b,1971,20
gemma4:e2b,1972,50
gemma4:e2b,1973,0
gemma4:e2b,1974,100
gemma4:e2b,1975,100
gemma4:e2b,1976,10
gemma4:e2b,1977,100
gemma4:e2b,1978,85
gemma4:e2b,1979,100
gemma4:e2b,1980,100
gemma4:e2b,1981,0
gemma4:e2b,1982,100
gemma4:e2b,1983,0
gemma4:e2b,1984,
gemma4:e2b,1985,70
gemma4:e2b,1986,0
gemma4:e2b,1987,0
gemma4:e2b,1988,100
gemma4:e2b,1989,0
gemma4:e2b,1990,25
gemma4:e2b,1991,0
gemma4:e2b,1992,100
gemma4:e2b,1993,0.0
gemma4:e2b,1994,40
gemma4:e2b,1995,30
gemma4:e2b,1996,65
gemma4:e2b,1997,50
gemma4:e2b,1998,100
gemma4:e2b,1999,35
